<?xml version="1.0" encoding="UTF-8"?>
<!DOCTYPE mapper PUBLIC "-//mybatis.org//DTD Mapper 3.0//EN" "http://mybatis.org/dtd/mybatis-3-mapper.dtd">
<mapper namespace="com.nekotaku.questionnairesystem.mapper.AnswerMapper">

    <!-- 通用查询映射结果 -->
    <resultMap id="BaseResultMap" type="com.nekotaku.questionnairesystem.entity.Answer">
        <id column="answer_id" property="answerId"/>
        <result column="survey_id" property="surveyId"/>
        <result column="question_id" property="questionId"/>
        <result column="answer_context" property="answerContext"/>
        <result column="option_id" property="optionId"/>
        <result column="create_time" property="createTime"/>
        <result column="survey_finish_log_id" property="surveyFinishLogId"/>
    </resultMap>

    <!--    自定义查询映射结果-->
    <resultMap id="surveyAnalysisMap" type="com.nekotaku.questionnairesystem.vo.analysis.AnswerChoiceAnalysisVo">
        <id column="question_id" property="questionId"/>
        <result column="survey_id" property="surveyId"/>
        <result column="option_id" property="optionId"/>
        <result column="answer_count" property="answerCount"/>
    </resultMap>

    <resultMap id="textAnalysisMap" type="com.nekotaku.questionnairesystem.vo.analysis.TextQuestionAnalysisVo">
        <result column="survey_id" property="surveyId"/>
        <result column="question_id" property="questionId"/>
        <result column="question_content" property="questionContent"/>
        <result column="answer_context" property="answerContext"/>
        <result column="create_time" property="createTime"/>
    </resultMap>

    <resultMap id="textWithChoiceAnalysisMap" type="com.nekotaku.questionnairesystem.vo.excel.ExcelWithChoiceVo">
        <result column="survey_finish_log_id" property="surveyFinishLogId"/>
        <result column="question_content" property="questionContent"/>
        <result column="option_contents" property="optionContents"/>
        <result column="answer_context" property="answerContext"/>
    </resultMap>

    <!-- 通用查询结果列 -->
    <sql id="Base_Column_List">
        answer_id
        , survey_id, question_id, answer_context, option_id, create_time,survey_finish_log_id
    </sql>

    <!--    查询回答的选择题的每个选项的选择数量-->
    <select id="selectSurveyAnswerCount" resultMap="surveyAnalysisMap">
        SELECT A.survey_id,
               A.question_id,
               A.option_id,
               COALESCE(B.answer_count, 0) AS answer_count
        FROM (
                 SELECT q.survey_id,
                        q.question_id,
                        q.question_type,
                        o.option_id
                 FROM question q
                          LEFT JOIN
                      question_option o ON q.question_id = o.question_id
                 WHERE q.survey_id = #{surveyId}
                   AND (q.question_type != 3 OR q.question_type IS NULL)
             ) AS A
                 LEFT JOIN (
            SELECT option_id,
                   survey_finish_log_id,
                   COUNT(*) AS answer_count
            FROM answer
            <where>
            <if test="surveyId!=null">
                AND survey_id = #{surveyId}
            </if>
            <if test="optionId!=null">
                AND  survey_finish_log_id IN (SELECT survey_finish_log_id FROM answer WHERE option_id = #{optionId})
            </if>
            </where>
            GROUP BY option_id
        ) AS B ON A.option_id = B.option_id;
    </select>

    <!--    查询回答的客观题详细列表 列表分页用-->
    <select id="selectTextAnswerBySurveyId" resultMap="textAnalysisMap">
        SELECT A.survey_id, A.question_id, A.question_content, B.answer_context, C.create_time
        FROM answer AS B
                 LEFT JOIN question AS A ON A.question_id = B.question_id
                 LEFT JOIN survey_finish_log AS C ON B.survey_finish_log_id = C.id ${ew.customSqlSegment}
    </select>

    <!--    导出客观题简单excel列表需要-->
    <select id="selectTextAnswerBySurveyIdForExcel" resultMap="textAnalysisMap">
        SELECT A.question_id, A.question_content, B.answer_context, C.create_time
        FROM question AS A
                 LEFT JOIN answer AS B ON A.question_id = B.question_id
                 LEFT JOIN survey_finish_log AS C ON B.survey_finish_log_id = C.id
        WHERE A.question_type = 3
          AND A.survey_id = #{surveyId}
        ORDER BY A.question_sort, C.create_time asc
    </select>

    <select id="selectTextWithChoiceBySurveyIdForExcel" resultMap="textWithChoiceAnalysisMap">
        SELECT
            A.question_content,
            B.answer_context,
            GROUP_CONCAT(D.option_content SEPARATOR ', ') AS option_contents,
            B.survey_finish_log_id
        FROM
            question AS A
                LEFT JOIN
            answer AS B ON A.question_id = B.question_id
                LEFT JOIN
            survey_finish_log AS C ON B.survey_finish_log_id = C.id
                LEFT JOIN
            question_option AS D ON B.option_id = D.option_id
        WHERE
            A.survey_id = #{surveyId}
        GROUP BY
            B.survey_finish_log_id, A.question_id
        ORDER BY
            A.question_sort ASC;

    </select>

</mapper>
