<?xml version="1.0" encoding="UTF-8"?>
<!DOCTYPE mapper PUBLIC "-//mybatis.org//DTD Mapper 3.0//EN" "http://mybatis.org/dtd/mybatis-3-mapper.dtd">
<mapper namespace="com.nekotaku.questionnairesystem.mapper.ArticleMapper">

    <!-- 通用查询映射结果 -->
    <resultMap id="BaseResultMap" type="com.nekotaku.questionnairesystem.entity.Article">
        <id column="article_id" property="articleId"/>
        <result column="article_title" property="articleTitle"/>
        <result column="article_desc" property="articleDesc"/>
        <result column="article_content" property="articleContent"/>
        <result column="article_image" property="articleImage"/>
        <result column="article_views" property="articleViews"/>
        <result column="article_tag" property="articleTag"/>
        <result column="update_time" property="updateTime"/>
        <result column="create_time" property="createTime"/>
        <result column="article_is_open" property="articleIsOpen"/>
        <result column="category_id" property="categoryId"/>
        <result column="user_id" property="userId"/>
    </resultMap>

    <!--    自定义查询映射结果-->
    <resultMap id="articleFrontMap" type="com.nekotaku.questionnairesystem.vo.front.ArticleFrontVo">
        <id column="article_id" property="articleId"/>
        <result column="article_title" property="articleTitle"/>
        <result column="article_desc" property="articleDesc"/>
        <result column="article_image" property="articleImage"/>
        <result column="article_views" property="articleViews"/>
        <result column="article_tag" property="articleTag"/>
        <result column="category_name" property="categoryName"/>
        <result column="user_nickname" property="userNickname"/>
        <result column="update_time" property="updateTime"/>
    </resultMap>

    <!-- 通用查询结果列 -->
    <sql id="Base_Column_List">
        article_id
        , article_title, article_desc,article_content, article_image, article_views, article_tag, update_time, create_time, article_is_open, category_id, user_id
    </sql>

    <select id="selectArticleFront" resultMap="articleFrontMap">
        SELECT A.article_id,
               A.article_title,
               A.article_desc,
               A.article_image,
               A.article_views,
               A.article_tag,
               A.update_time,
               A.article_is_open,
               B.category_name,
               C.user_nickname
        FROM article AS A
                 LEFT JOIN category AS B ON A.category_id = B.category_id
                 LEFT JOIN `user` AS C ON A.user_id = C.user_id ${ew.customSqlSegment}
    </select>

</mapper>
