<?xml version="1.0" encoding="UTF-8"?>
<!DOCTYPE mapper PUBLIC "-//mybatis.org//DTD Mapper 3.0//EN" "http://mybatis.org/dtd/mybatis-3-mapper.dtd">
<mapper namespace="com.nekotaku.questionnairesystem.mapper.FrontAdMapper">

    <!-- 通用查询映射结果 -->
    <resultMap id="BaseResultMap" type="com.nekotaku.questionnairesystem.entity.FrontAd">
        <id column="ad_id" property="adId" />
        <result column="ad_text" property="adText" />
        <result column="ad_status" property="adStatus" />
        <result column="ad_sort" property="adSort" />
        <result column="ad_img" property="adImg" />
    </resultMap>

    <!-- 通用查询结果列 -->
    <sql id="Base_Column_List">
        ad_id, ad_text, ad_status, ad_sort, ad_img
    </sql>

</mapper>
