<?xml version="1.0" encoding="UTF-8"?>
<!DOCTYPE mapper PUBLIC "-//mybatis.org//DTD Mapper 3.0//EN" "http://mybatis.org/dtd/mybatis-3-mapper.dtd">
<mapper namespace="com.nekotaku.questionnairesystem.mapper.QuestionMapper">

    <!-- 通用查询映射结果 -->
    <resultMap id="BaseResultMap" type="com.nekotaku.questionnairesystem.entity.Question">
        <id column="question_id" property="questionId" />
        <result column="survey_id" property="surveyId" />
        <result column="question_type" property="questionType" />
        <result column="question_content" property="questionContent" />
        <result column="question_sort" property="questionSort" />
    </resultMap>

    <!--    自定义DTO查询映射结果-->
    <resultMap id="questionMap" type="com.nekotaku.questionnairesystem.vo.QuestionVo">
        <id column="question_id" property="questionId"/>
        <result column="survey_id" property="surveyId" />
        <result column="question_type" property="questionType"/>
        <result column="question_content" property="questionContent"/>
        <result column="question_sort" property="questionSort"/>
        <collection column="question_id" property="option"
                    ofType="com.nekotaku.questionnairesystem.entity.QuestionOption"
                    select="com.nekotaku.questionnairesystem.mapper.QuestionOptionMapper.selectListByQuestionId"/>
    </resultMap>

    <!-- 通用查询结果列 -->
    <sql id="Base_Column_List">
        question_id, survey_id, question_type, question_content, question_sort
    </sql>

    <!--    查询问卷对应所有问题以及问题对应的所有选项(会造成笛卡尔积情况,通过服务实现层进行逻辑处理)-->
    <select id="getQuestionsAndOptionsBySurveyId" resultMap="questionMap">
        SELECT
            q.question_id, q.survey_id, q.question_type, q.question_content, q.question_sort,
            o.option_id, o.option_content, o.option_sort
        FROM question q LEFT JOIN question_option o ON q.question_id = o.question_id
        WHERE
            q.survey_id = #{surveyId}
          AND
            (q.question_type != 3 OR q.question_type IS NULL)
        UNION
        SELECT
            q.question_id, q.survey_id, q.question_type, q.question_content, q.question_sort,
            NULL AS option_id, NULL AS option_content, NULL AS option_sort
        FROM
            question q
        WHERE
            q.survey_id = #{surveyId}
          AND
            q.question_type = 3
    </select>

</mapper>
