<?xml version="1.0" encoding="UTF-8"?>
<!DOCTYPE mapper PUBLIC "-//mybatis.org//DTD Mapper 3.0//EN" "http://mybatis.org/dtd/mybatis-3-mapper.dtd">
<mapper namespace="com.nekotaku.questionnairesystem.mapper.QuestionOptionMapper">

    <!-- 通用查询映射结果 -->
    <resultMap id="BaseResultMap" type="com.nekotaku.questionnairesystem.entity.QuestionOption">
        <id column="option_id" property="optionId" />
        <result column="question_id" property="questionId" />
        <result column="option_content" property="optionContent" />
        <result column="option_sort" property="optionSort" />
    </resultMap>

    <!-- 通用查询结果列 -->
    <sql id="Base_Column_List">
        option_id, question_id, option_content, option_sort
    </sql>

    <select id="selectListByQuestionId" resultMap="BaseResultMap">
        SELECT
        <include refid="Base_Column_List" />
        FROM question_option
        WHERE question_id = #{questionId}
    </select>

</mapper>
