<?xml version="1.0" encoding="UTF-8"?>
<!DOCTYPE mapper PUBLIC "-//mybatis.org//DTD Mapper 3.0//EN" "http://mybatis.org/dtd/mybatis-3-mapper.dtd">
<mapper namespace="com.nekotaku.questionnairesystem.mapper.ReportSurveyMapper">

    <!-- 通用查询映射结果 -->
    <resultMap id="BaseResultMap" type="com.nekotaku.questionnairesystem.entity.report.ReportSurvey">
        <id column="report_id" property="reportId" />
        <result column="user_name" property="userName" />
        <result column="report_survey_id" property="reportSurveyId" />
        <result column="report_survey_title" property="reportSurveyTitle" />
        <result column="report_count" property="reportCount" />
        <result column="report_reason" property="reportReason" />
        <result column="report_status" property="reportStatus" />
        <result column="report_result" property="reportResult" />
        <result column="update_time" property="updateTime" />
    </resultMap>

    <!-- 通用查询结果列 -->
    <sql id="Base_Column_List">
        report_id, user_name, report_survey_id, report_survey_title, report_count, report_reason, report_status, report_result, update_time
    </sql>

</mapper>
