<?xml version="1.0" encoding="UTF-8"?>
<!DOCTYPE mapper PUBLIC "-//mybatis.org//DTD Mapper 3.0//EN" "http://mybatis.org/dtd/mybatis-3-mapper.dtd">
<mapper namespace="com.nekotaku.questionnairesystem.mapper.SurveyBonusMapper">

    <!-- 通用查询映射结果 -->
    <resultMap id="BaseResultMap" type="com.nekotaku.questionnairesystem.entity.SurveyBonus">
        <id column="bonus_id" property="bonusId"/>
        <result column="survey_id" property="surveyId"/>
        <result column="survey_title" property="surveyTitle"/>
        <result column="bonus_amount" property="bonusAmount"/>
        <result column="bonus_account" property="bonusAccount"/>
        <result column="create_time" property="createTime"/>
        <result column="user_id" property="userId"/>
    </resultMap>

    <!-- 通用查询结果列 -->
    <sql id="Base_Column_List">
        bonus_id
        , survey_id, survey_title, bonus_amount, bonus_account, create_time,user_id
    </sql>

</mapper>
