<?xml version="1.0" encoding="UTF-8"?>
<!DOCTYPE mapper PUBLIC "-//mybatis.org//DTD Mapper 3.0//EN" "http://mybatis.org/dtd/mybatis-3-mapper.dtd">
<mapper namespace="com.nekotaku.questionnairesystem.mapper.SurveyFinishLogMapper">

    <!-- 通用查询映射结果 -->
    <resultMap id="BaseResultMap" type="com.nekotaku.questionnairesystem.entity.SurveyFinishLog">
        <id column="id" property="id" />
        <result column="survey_id" property="surveyId" />
        <result column="user_id" property="userId" />
        <result column="create_time" property="createTime" />
    </resultMap>

    <!-- 通用查询结果列 -->
    <sql id="Base_Column_List">
        id, survey_id, user_id, create_time
    </sql>

    <select id="selectSurveyFinishByMonth" resultType="com.nekotaku.questionnairesystem.vo.SurveyMonthlyCountVo">

        SELECT
            months.year,
            months.month,
            COALESCE(survey_count, 0) AS surveyCount
        FROM
            (SELECT YEAR(CURRENT_DATE()) AS year, 1 AS month
             UNION ALL SELECT YEAR(CURRENT_DATE()), 2
             UNION ALL SELECT YEAR(CURRENT_DATE()), 3
             UNION ALL SELECT YEAR(CURRENT_DATE()), 4
             UNION ALL SELECT YEAR(CURRENT_DATE()), 5
             UNION ALL SELECT YEAR(CURRENT_DATE()), 6
             UNION ALL SELECT YEAR(CURRENT_DATE()), 7
             UNION ALL SELECT YEAR(CURRENT_DATE()), 8
             UNION ALL SELECT YEAR(CURRENT_DATE()), 9
             UNION ALL SELECT YEAR(CURRENT_DATE()), 10
             UNION ALL SELECT YEAR(CURRENT_DATE()), 11
             UNION ALL SELECT YEAR(CURRENT_DATE()), 12) AS months
                LEFT JOIN (
                SELECT
                    YEAR(create_time) AS year,
                    MONTH(create_time) AS month,
                    COUNT(*) AS survey_count
                FROM
                    survey_finish_log
                WHERE
                    YEAR(create_time) = YEAR(CURRENT_DATE())
                  AND user_id = #{userId}
                GROUP BY
                    YEAR(create_time),
                    MONTH(create_time)
            ) AS survey_counts ON months.year = survey_counts.year AND months.month = survey_counts.month
        ORDER BY
            months.year ASC, months.month ASC;
    </select>

</mapper>
