<?xml version="1.0" encoding="UTF-8"?>
<!DOCTYPE mapper PUBLIC "-//mybatis.org//DTD Mapper 3.0//EN" "http://mybatis.org/dtd/mybatis-3-mapper.dtd">
<mapper namespace="com.nekotaku.questionnairesystem.mapper.SurveyMapper">

    <!-- 通用查询映射结果 -->
    <resultMap id="BaseResultMap" type="com.nekotaku.questionnairesystem.entity.Survey">
        <id column="survey_id" property="surveyId"/>
        <result column="user_id" property="userId"/>
        <result column="survey_title" property="surveyTitle"/>
        <result column="survey_description" property="surveyDescription"/>
        <result column="createtime" property="createTime"/>
        <result column="updatetime" property="updateTime"/>
        <result column="survey_start_time" property="surveyStartTime"/>
        <result column="survey_end_time" property="surveyEndTime"/>
        <result column="survey_collected" property="surveyCollected"/>
        <result column="survey_collected_limit" property="surveyCollectedLimit"/>
        <result column="survey_category_id" property="surveyCategoryId"/>
        <result column="survey_status" property="surveyStatus"/>
        <result column="survey_tip" property="surveyTip"/>
        <result column="survey_balance" property="surveyBalance"/>
    </resultMap>

    <!--    自定义查询映射结果-->
    <resultMap id="surveyFrontMap" type="com.nekotaku.questionnairesystem.vo.front.SurveyFrontVo">
        <id column="survey_id" property="surveyId"/>
        <result column="survey_title" property="surveyTitle"/>
        <result column="create_time" property="createTime"/>
        <result column="survey_category_id" property="surveyCategoryId"/>
        <result column="category_name" property="categoryName"/>
        <result column="survey_status" property="surveyStatus"/>
    </resultMap>

    <!-- 通用查询结果列 -->
    <sql id="Base_Column_List">
        survey_id
        , user_id, survey_title, survey_description, createtime, updatetime, survey_start_time, survey_end_time, survey_collected, survey_collected_limit, survey_category_id, survey_status, survey_tip,survey_balance
    </sql>


    <!--    查询问卷每月收集份数-->
    <select id="selectSurveyCountByMonth" resultType="com.nekotaku.questionnairesystem.vo.SurveyMonthlyCountVo">
        SELECT months.year,
               months.month,
               COALESCE(survey_count, 0) AS surveyCount
        FROM (SELECT YEAR (CURRENT_DATE ()) AS year, 1 AS month
              UNION ALL
              SELECT YEAR (CURRENT_DATE ()), 2
              UNION ALL
              SELECT YEAR (CURRENT_DATE ()), 3
              UNION ALL
              SELECT YEAR (CURRENT_DATE ()), 4
              UNION ALL
              SELECT YEAR (CURRENT_DATE ()), 5
              UNION ALL
              SELECT YEAR (CURRENT_DATE ()), 6
              UNION ALL
              SELECT YEAR (CURRENT_DATE ()), 7
              UNION ALL
              SELECT YEAR (CURRENT_DATE ()), 8
              UNION ALL
              SELECT YEAR (CURRENT_DATE ()), 9
              UNION ALL
              SELECT YEAR (CURRENT_DATE ()), 10
              UNION ALL
              SELECT YEAR (CURRENT_DATE ()), 11
              UNION ALL
              SELECT YEAR (CURRENT_DATE ()), 12) AS months
                 LEFT JOIN (
            SELECT
                YEAR (survey_start_time) AS year,
                MONTH (survey_start_time) AS month,
                COUNT (*) AS survey_count
            FROM
                survey
            WHERE
                survey_start_time IS NOT NULL
              AND YEAR (survey_start_time) = YEAR (CURRENT_DATE ())
              AND user_id = #{userId}
            GROUP BY
                YEAR (survey_start_time),
                MONTH (survey_start_time)
        ) AS survey_counts ON months.year = survey_counts.year AND months.month = survey_counts.month
        ORDER BY months.year ASC, months.month ASC;
    </select>

    <!-- 查询前台首页的问卷列表-->
    <select id="selectSurveyFront" resultMap="surveyFrontMap">
        SELECT A.survey_id,
               A.survey_title,
               A.create_time,
               A.update_time,
               A.survey_category_id,
               B.category_name,
               A.survey_status
        FROM survey AS A
                 LEFT JOIN category AS B ON A.survey_category_id = B.category_id ${ew.customSqlSegment}
    </select>

</mapper>
