<?xml version="1.0" encoding="UTF-8"?>
<!DOCTYPE mapper PUBLIC "-//mybatis.org//DTD Mapper 3.0//EN" "http://mybatis.org/dtd/mybatis-3-mapper.dtd">
<mapper namespace="com.nekotaku.questionnairesystem.mapper.TmpOptionMapper">

    <!-- 通用查询映射结果 -->
    <resultMap id="BaseResultMap" type="com.nekotaku.questionnairesystem.entity.TmpOption">
        <id column="tmp_option_id" property="tmpOptionId" />
        <result column="tmp_question_id" property="tmpQuestionId" />
        <result column="tmp_option_content" property="tmpOptionContent" />
        <result column="tmp_option_sort" property="tmpOptionSort" />
    </resultMap>

    <!-- 通用查询结果列 -->
    <sql id="Base_Column_List">
        tmp_option_id, tmp_question_id, tmp_option_content, tmp_option_sort
    </sql>

    <select id="selectTmpListByQuestionId" resultMap="BaseResultMap">
        SELECT
        <include refid="Base_Column_List" />
        FROM tmp_option
        WHERE tmp_question_id = #{tmpQuestionId}
    </select>

</mapper>
