<?xml version="1.0" encoding="UTF-8"?>
<!DOCTYPE mapper PUBLIC "-//mybatis.org//DTD Mapper 3.0//EN" "http://mybatis.org/dtd/mybatis-3-mapper.dtd">
<mapper namespace="com.nekotaku.questionnairesystem.mapper.TmpQuestionMapper">

    <!-- 通用查询映射结果 -->
    <resultMap id="BaseResultMap" type="com.nekotaku.questionnairesystem.entity.TmpQuestion">
        <id column="tmp_question_id" property="tmpQuestionId" />
        <result column="tmp_id" property="tmpId" />
        <result column="tmp_question_type" property="tmpQuestionType" />
        <result column="tmp_question_content" property="tmpQuestionContent" />
        <result column="tmp_question_sort" property="tmpQuestionSort" />
    </resultMap>

    <!--    自定义DTO查询映射结果-->
    <resultMap id="questionTmpMap" type="com.nekotaku.questionnairesystem.vo.QuestionTmpVo">
        <id column="tmp_question_id" property="tmpQuestionId"/>
        <result column="tmp_id" property="tmpId" />
        <result column="tmp_question_type" property="tmpQuestionType"/>
        <result column="tmp_question_content" property="tmpQuestionContent"/>
        <result column="tmp_question_sort" property="tmpQuestionSort"/>
        <collection column="tmp_question_id" property="option"
                    ofType="com.nekotaku.questionnairesystem.entity.TmpOption"
                    select="com.nekotaku.questionnairesystem.mapper.TmpOptionMapper.selectTmpListByQuestionId"/>
    </resultMap>

    <!-- 通用查询结果列 -->
    <sql id="Base_Column_List">
        tmp_question_id, tmp_id, tmp_question_type, tmp_question_content, tmp_question_sort
    </sql>


    <select id="getQuestionsAndOptionsByTmpId" resultMap="questionTmpMap">
        SELECT
            q.tmp_question_id, q.tmp_id, q.tmp_question_type, q.tmp_question_content, q.tmp_question_sort,
            o.tmp_option_id, o.tmp_option_content, o.tmp_option_sort
        FROM tmp_question q LEFT JOIN tmp_option o ON q.tmp_question_id = o.tmp_question_id
        WHERE
            q.tmp_id = #{surveyId}
          AND
            (q.tmp_question_type != 3 OR q.tmp_question_type IS NULL)
        UNION
        SELECT
            q.tmp_question_id, q.tmp_id, q.tmp_question_type, q.tmp_question_content, q.tmp_question_sort,
            NULL AS tmp_option_id, NULL AS tmp_option_content, NULL AS tmp_option_sort
        FROM
            tmp_question q
        WHERE
            q.tmp_id = #{tmpId}
          AND
            q.tmp_question_type = 3
    </select>

</mapper>
