<?xml version="1.0" encoding="UTF-8"?>
<!DOCTYPE mapper PUBLIC "-//mybatis.org//DTD Mapper 3.0//EN" "http://mybatis.org/dtd/mybatis-3-mapper.dtd">
<mapper namespace="com.nekotaku.questionnairesystem.mapper.TmpSurveyMapper">

    <!-- 通用查询映射结果 -->
    <resultMap id="BaseResultMap" type="com.nekotaku.questionnairesystem.entity.TmpSurvey">
        <id column="tmp_id" property="tmpId"/>
        <result column="user_id" property="userId"/>
        <result column="tmp_survey_title" property="tmpSurveyTitle"/>
        <result column="tmp_survey_desc" property="tmpSurveyDesc"/>
        <result column="tmp_survey_status" property="tmpSurveyStatus"/>
        <result column="tmp_survey_tip" property="tmpSurveyTip"/>
        <result column="create_time" property="createTime"/>
        <result column="update_time" property="updateTime"/>
    </resultMap>

    <!-- 通用查询结果列 -->
    <sql id="Base_Column_List">
        tmp_id, user_id, tmp_survey_title, tmp_survey_desc, tmp_survey_status,tmp_survey_tip,createTime, updateTime
    </sql>

</mapper>
