<?xml version="1.0" encoding="UTF-8"?>
<!DOCTYPE mapper PUBLIC "-//mybatis.org//DTD Mapper 3.0//EN" "http://mybatis.org/dtd/mybatis-3-mapper.dtd">
<mapper namespace="com.nekotaku.questionnairesystem.mapper.UserMapper">

    <!-- 通用查询映射结果 -->
    <resultMap id="BaseResultMap" type="com.nekotaku.questionnairesystem.entity.User">
        <id column="user_id" property="userId"/>
        <result column="user_name" property="userName"/>
        <result column="user_password" property="userPassword"/>
        <result column="user_email" property="userEmail"/>
        <result column="user_nickname" property="userNickname"/>
        <result column="user_avatar_path" property="userAvatarPath"/>
        <result column="user_balance" property="userBalance"/>
        <result column="user_role_id" property="userRoleId"/>
        <result column="user_is_valid" property="userIsValid"/>
        <result column="create_time" property="createTime"/>
        <result column="update_time" property="updateTime"/>
    </resultMap>

    <!-- 通用查询结果列 -->
    <sql id="Base_Column_List">
        user_id
        , user_name, user_password, user_email, user_nickname, user_avatar_path, user_balance, user_role_id, user_is_valid,create_time,update_time
    </sql>

</mapper>
