<?xml version="1.0" encoding="UTF-8"?>
<!DOCTYPE mapper PUBLIC "-//mybatis.org//DTD Mapper 3.0//EN" "http://mybatis.org/dtd/mybatis-3-mapper.dtd">
<mapper namespace="com.nekotaku.questionnairesystem.mapper.UserOrderMapper">

    <!-- 通用查询映射结果 -->
    <resultMap id="BaseResultMap" type="com.nekotaku.questionnairesystem.entity.UserOrder">
        <id column="id" property="id" />
        <result column="order_id" property="orderId" />
        <result column="order_balance" property="orderBalance" />
        <result column="user_name" property="userName" />
        <result column="create_time" property="createTime" />
        <result column="order_text" property="orderText" />
    </resultMap>

    <!-- 通用查询结果列 -->
    <sql id="Base_Column_List">
        id, order_id, order_balance, user_name, create_time, order_text
    </sql>

</mapper>
